games,date_game,odd_home_team,odd_away_team
CLE-NYK,2016-10-25,"1,18","4,80"
GSW-SAS,2016-10-25,"1,20","4,50"
POR-UTA,2016-10-25,"1,35","3,10"
BOS-BRK,2016-10-26,"1,08","7,50"
IND-DAL,2016-10-26,"1,40","2,90"
LAL-HOU,2016-10-26,"2,90","1,40"
MEM-MIN,2016-10-26,"1,95","1,85"
MIL-CHO,2016-10-26,"2,00","1,80"
NOP-DEN,2016-10-26,"1,80","2,00"
ORL-MIA,2016-10-26,"1,60","2,30"
PHI-OKC,2016-10-26,"4,80","1,17"
PHO-SAC,2016-10-26,"1,60","2,30"
TOR-DET,2016-10-26,"1,30","3,40"
ATL-WAS,2016-10-27,"1,50","2,55"
CHI-BOS,2016-10-27,"1,80","2,00"
POR-LAC,2016-10-27,"2,10","1,70"
SAC-SAS,2016-10-27,"4,20","1,22"
BRK-IND,2016-10-28,"2,90","1,40"
DAL-HOU,2016-10-28,"2,10","1,70"
DET-ORL,2016-10-28,"1,55","2,40"
MIA-CHO,2016-10-28,"1,95","1,85"
NOP-GSW,2016-10-28,"6,00","1,12"
OKC-PHO,2016-10-28,"1,22","4,20"
TOR-CLE,2016-10-28,"2,20","1,65"
UTA-LAL,2016-10-28,"1,17","4,80"
CHI-IND,2016-10-29,"1,60","2,30"
CHO-BOS,2016-10-29,"2,20","1,65"
CLE-ORL,2016-10-29,"1,10","6,50"
DEN-POR,2016-10-29,"1,90","1,90"
MIL-BRK,2016-10-29,"1,25","3,80"
NYK-MEM,2016-10-29,"1,70","2,10"
PHI-ATL,2016-10-29,"3,80","1,25"
SAC-MIN,2016-10-29,"1,95","1,85"
SAS-NOP,2016-10-29,"1,03",11
DET-MIL,2016-10-30,"1,25","3,80"
HOU-DAL,2016-10-30,"1,50","2,55"
LAC-UTA,2016-10-30,"1,30","3,40"
MEM-WAS,2016-10-30,"2,30","1,60"
MIA-SAS,2016-10-30,"3,10","1,35"
OKC-LAL,2016-10-30,"1,22","4,20"
PHO-GSW,2016-10-30,"6,50","1,10"
ATL-SAC,2016-10-31,"1,30","3,20"
BRK-CHI,2016-10-31,"3,10","1,35"
LAC-PHO,2016-10-31,"1,08","7,50"
TOR-DEN,2016-10-31,"1,30","3,40"
CLE-HOU,2016-11-01,"1,15","5,20"
DET-NYK,2016-11-01,"1,50","2,55"
IND-LAL,2016-11-01,"1,20","4,50"
MIA-SAC,2016-11-01,"1,55","2,40"
MIN-MEM,2016-11-01,"1,30","3,40"
NOP-MIL,2016-11-01,"1,55","2,40"
PHI-ORL,2016-11-01,"2,70","1,45"
POR-GSW,2016-11-01,"2,70","1,45"
SAS-UTA,2016-11-01,"1,15","5,20"
ATL-LAL,2016-11-02,"1,10","6,50"
BOS-CHI,2016-11-02,"1,60","2,30"
BRK-DET,2016-11-02,"2,40","1,55"
CHO-PHI,2016-11-02,"1,07","8,00"
LAC-OKC,2016-11-02,"1,27","3,70"
MEM-NOP,2016-11-02,"1,35","3,10"
NYK-HOU,2016-11-02,"1,95","1,85"
PHO-POR,2016-11-02,"2,20","1,65"
UTA-DAL,2016-11-02,"1,55","2,40"
WAS-TOR,2016-11-02,"1,90","1,90"
CLE-BOS,2016-11-03,"1,12","6,00"
GSW-OKC,2016-11-03,"1,10","6,50"
MIL-IND,2016-11-03,"2,20","1,65"
MIN-DEN,2016-11-03,"1,60","2,30"
ORL-SAC,2016-11-03,"1,95","1,85"
BRK-CHO,2016-11-04,"3,40","1,30"
CHI-NYK,2016-11-04,"1,30","3,40"
DAL-POR,2016-11-04,"2,30","1,60"
LAL-GSW,2016-11-04,"6,00","1,12"
MEM-LAC,2016-11-04,"2,90","1,40"
NOP-PHO,2016-11-04,"1,65","2,20"
TOR-MIA,2016-11-04,"1,30","3,40"
UTA-SAS,2016-11-04,"2,40","1,55"
WAS-ATL,2016-11-04,"1,85","1,95"
ATL-HOU,2016-11-05,"1,60","2,30"
DET-DEN,2016-11-05,"1,45","2,70"
IND-CHI,2016-11-05,"1,60","2,30"
MIL-SAC,2016-11-05,"1,60","2,30"
OKC-MIN,2016-11-05,"1,45","2,70"
ORL-WAS,2016-11-05,"1,40","2,90"
PHI-CLE,2016-11-05,"9,00","1,05"
SAS-LAC,2016-11-05,"1,45","2,55"
BOS-DEN,2016-11-06,"1,27","3,70"
DAL-MIL,2016-11-06,"1,65","2,20"
LAL-PHO,2016-11-06,"1,55","2,40"
MEM-POR,2016-11-06,"1,85","1,95"
NYK-UTA,2016-11-06,"2,05","1,75"
TOR-SAC,2016-11-06,"1,27","3,70"
CHI-ORL,2016-11-07,"1,30","3,40"
CHO-IND,2016-11-07,"1,60","2,30"
GSW-NOP,2016-11-07,"1,01",15
LAC-DET,2016-11-07,"1,20","4,50"
OKC-MIA,2016-11-07,"1,40","2,90"
PHI-UTA,2016-11-07,"2,90","1,40"
WAS-HOU,2016-11-07,"1,80","2,00"
BRK-MIN,2016-11-08,"2,40","1,55"
CLE-ATL,2016-11-08,"1,25","3,80"
LAL-DAL,2016-11-08,"1,50","2,60"
MEM-DEN,2016-11-08,"1,55","2,40"
POR-PHO,2016-11-08,"1,25","3,80"
SAC-NOP,2016-11-08,"1,35","3,10"
ATL-CHI,2016-11-09,"1,60","2,30"
CHO-UTA,2016-11-09,"1,65","2,20"
GSW-DAL,2016-11-09,"1,02",12
IND-PHI,2016-11-09,"1,10","6,50"
LAC-POR,2016-11-09,"1,15","5,20"
NYK-BRK,2016-11-09,"1,25","3,80"
OKC-TOR,2016-11-09,"1,60","2,30"
ORL-MIN,2016-11-09,"1,65","2,20"
PHO-DET,2016-11-09,"2,40","1,55"
SAS-HOU,2016-11-09,"1,22","4,20"
WAS-BOS,2016-11-09,"1,85","1,95"
DEN-GSW,2016-11-10,"3,10","1,35"
MIA-CHI,2016-11-10,"1,80","2,00"
MIL-NOP,2016-11-10,"1,45","2,70"
SAC-LAL,2016-11-10,"1,45","2,70"
BOS-NYK,2016-11-11,"1,45","2,70"
CHO-TOR,2016-11-11,"1,90","1,90"
OKC-LAC,2016-11-11,"2,60","1,47"
ORL-UTA,2016-11-11,"2,70","1,45"
PHI-IND,2016-11-11,"2,70","1,40"
POR-SAC,2016-11-11,"1,30","3,40"
SAS-DET,2016-11-11,"1,20","4,40"
WAS-CLE,2016-11-11,"3,60","1,28"
ATL-PHI,2016-11-12,"1,03",11
CHI-WAS,2016-11-12,"1,15","5,20"
DEN-DET,2016-11-12,"1,45","2,70"
HOU-SAS,2016-11-12,"2,00","1,80"
IND-BOS,2016-11-12,"2,00","1,80"
MIA-UTA,2016-11-12,"1,95","1,85"
MIL-MEM,2016-11-12,"1,60","2,20"
MIN-LAC,2016-11-12,"2,70","1,45"
NOP-LAL,2016-11-12,"1,90","1,90"
PHO-BRK,2016-11-12,"1,50","2,55"
TOR-NYK,2016-11-12,"1,30","3,40"
CLE-CHO,2016-11-13,"1,25","3,80"
GSW-PHO,2016-11-13,"1,01",11
MIN-LAL,2016-11-13,"1,85","1,85"
OKC-ORL,2016-11-13,"1,17","4,80"
POR-DEN,2016-11-13,"1,30","3,40"
DET-OKC,2016-11-14,"2,00","1,80"
HOU-PHI,2016-11-14,"1,10","6,50"
IND-ORL,2016-11-14,"1,25","3,80"
LAC-BRK,2016-11-14,"1,01",15
NOP-BOS,2016-11-14,"2,40","1,55"
NYK-DAL,2016-11-14,"1,50","2,50"
SAS-MIA,2016-11-14,"1,08","6,50"
UTA-MEM,2016-11-14,"1,35","3,10"
CLE-TOR,2016-11-15,"1,35","3,10"
LAL-BRK,2016-11-15,"1,32","3,30"
MIA-ATL,2016-11-15,"3,40","1,30"
MIN-CHO,2016-11-15,"1,90","1,90"
POR-CHI,2016-11-15,"1,50","2,50"
ATL-MIL,2016-11-16,"1,42","2,80"
BOS-DAL,2016-11-16,"1,35","3,10"
DEN-PHO,2016-11-16,"1,50","2,55"
IND-CLE,2016-11-16,"1,70","2,10"
LAC-MEM,2016-11-16,"1,06","8,00"
NYK-DET,2016-11-16,"1,75","2,05"
OKC-HOU,2016-11-16,"1,65","2,10"
ORL-NOP,2016-11-16,"1,30","3,40"
PHI-WAS,2016-11-16,"3,30","1,32"
SAC-SAS,2016-11-16,"2,90","1,40"
TOR-GSW,2016-11-16,"2,90","1,40"
HOU-POR,2016-11-17,"1,45","2,70"
MIA-MIL,2016-11-17,"1,55","2,40"
MIN-PHI,2016-11-17,"1,10","6,50"
UTA-CHI,2016-11-17,"1,70","2,10"
WAS-NYK,2016-11-17,"1,50","2,55"
BOS-GSW,2016-11-18,"3,80","1,25"
CHO-ATL,2016-11-18,"1,75","2,05"
CLE-DET,2016-11-18,"1,20","4,50"
DAL-MEM,2016-11-18,"2,40","1,55"
DEN-TOR,2016-11-18,"2,40","1,55"
IND-PHO,2016-11-18,"1,50","2,50"
LAL-SAS,2016-11-18,"3,80","1,25"
NOP-POR,2016-11-18,"1,90","1,90"
OKC-BRK,2016-11-18,"1,17","4,80"
SAC-LAC,2016-11-18,"3,90","1,25"
DET-BOS,2016-11-19,"1,70","2,10"
HOU-UTA,2016-11-19,"1,30","3,40"
LAC-CHI,2016-11-19,"1,25","3,90"
MEM-MIN,2016-11-19,"1,90","1,85"
MIL-GSW,2016-11-19,"4,50","1,20"
NOP-CHO,2016-11-19,"2,00","1,75"
ORL-DAL,2016-11-19,"1,25","3,80"
PHI-PHO,2016-11-19,"2,10","1,70"
WAS-MIA,2016-11-19,"1,45","2,70"
BRK-POR,2016-11-20,"2,40","1,55"
DEN-UTA,2016-11-20,"1,60","2,30"
LAL-CHI,2016-11-20,"1,75","2,05"
NYK-ATL,2016-11-20,"2,55","1,50"
OKC-IND,2016-11-20,"1,17","4,80"
SAC-TOR,2016-11-20,"2,30","1,60"
CHO-MEM,2016-11-21,"1,45","2,70"
DET-HOU,2016-11-21,"2,10","1,70"
IND-GSW,2016-11-21,"9,00","1,03"
LAC-TOR,2016-11-21,"1,18","4,70"
MIL-ORL,2016-11-21,"1,35","3,10"
MIN-BOS,2016-11-21,"2,00","1,75"
PHI-MIA,2016-11-21,"2,55","1,50"
SAS-DAL,2016-11-21,"1,02",10
WAS-PHO,2016-11-21,"1,25","3,80"
ATL-NOP,2016-11-22,"1,22","4,10"
DEN-CHI,2016-11-22,"2,05","1,75"
LAL-OKC,2016-11-22,"2,20","1,65"
NYK-POR,2016-11-22,"1,80","2,00"
BRK-BOS,2016-11-23,"3,70","1,27"
CHO-SAS,2016-11-23,"2,70","1,45"
CLE-POR,2016-11-23,"1,08","7,50"
DAL-LAC,2016-11-23,"6,00","1,12"
DET-MIA,2016-11-23,"1,45","2,70"
GSW-LAL,2016-11-23,"1,00",18
HOU-TOR,2016-11-23,"1,55","2,40"
IND-ATL,2016-11-23,"2,00","1,80"
NOP-MIN,2016-11-23,"2,10","1,70"
ORL-PHO,2016-11-23,"1,55","2,40"
PHI-MEM,2016-11-23,"2,90","1,40"
SAC-OKC,2016-11-23,"1,70","2,10"
UTA-DEN,2016-11-23,"1,30","3,40"
BOS-SAS,2016-11-25,"2,30","1,60"
CLE-DAL,2016-11-25,"1,03",11
DEN-OKC,2016-11-25,"2,10","1,70"
DET-LAC,2016-11-25,"3,10","1,35"
IND-BRK,2016-11-25,"1,35","3,10"
LAL-GSW,2016-11-25,"9,00","1,05"
MEM-MIA,2016-11-25,"1,45","2,70"
MIL-TOR,2016-11-25,"2,30","1,60"
NYK-CHO,2016-11-25,"2,00","1,80"
ORL-WAS,2016-11-25,"2,05","1,75"
PHI-CHI,2016-11-25,"4,80","1,17"
PHO-MIN,2016-11-25,"2,00","1,80"
POR-NOP,2016-11-25,"1,50","2,60"
SAC-HOU,2016-11-25,"2,30","1,60"
UTA-ATL,2016-11-25,"1,55","2,40"
CHO-NYK,2016-11-26,"1,40","2,90"
GSW-MIN,2016-11-26,"1,07","8,00"
MIA-MEM,2016-11-26,"2,00","1,80"
OKC-DET,2016-11-26,"1,55","2,40"
WAS-SAS,2016-11-26,"3,10","1,35"
BRK-SAC,2016-11-27,"2,70","1,45"
DAL-NOP,2016-11-27,"2,70","1,45"
IND-LAC,2016-11-27,"6,50","1,10"
LAL-ATL,2016-11-27,"2,70","1,45"
ORL-MIL,2016-11-27,"1,85","1,95"
PHI-CLE,2016-11-27,"6,50","1,10"
PHO-DEN,2016-11-27,"1,75","2,05"
POR-HOU,2016-11-27,"2,05","1,75"
GSW-ATL,2016-11-28,"1,05","9,00"
MEM-CHO,2016-11-28,"1,95","1,85"
MIA-BOS,2016-11-28,"2,55","1,50"
MIN-UTA,2016-11-28,"2,10","1,70"
NYK-OKC,2016-11-28,"1,90","1,90"
TOR-PHI,2016-11-28,"1,03",11
WAS-SAC,2016-11-28,"1,50","2,55"
BRK-LAC,2016-11-29,"5,30","1,15"
CHO-DET,2016-11-29,"1,65","2,20"
MIL-CLE,2016-11-29,"3,70","1,27"
NOP-LAL,2016-11-29,"1,40","2,90"
SAS-ORL,2016-11-29,"1,07","8,00"
UTA-HOU,2016-11-29,"2,00","1,80"
BOS-DET,2016-11-30,"1,30","3,40"
CHI-LAL,2016-11-30,"1,17","4,80"
DAL-SAS,2016-11-30,"4,40","1,20"
DEN-MIA,2016-11-30,"1,40","2,90"
MIN-NYK,2016-11-30,"1,55","2,40"
OKC-WAS,2016-11-30,"1,40","2,90"
PHO-ATL,2016-11-30,"2,55","1,50"
POR-IND,2016-11-30,"1,30","3,40"
TOR-MEM,2016-11-30,"1,05","9,00"
BRK-MIL,2016-12-01,"2,90","1,40"
CHO-DAL,2016-12-01,"1,10","6,50"
CLE-LAC,2016-12-01,"1,55","2,40"
GSW-HOU,2016-12-01,"1,12","6,00"
MEM-ORL,2016-12-01,"2,40","1,55"
UTA-MIA,2016-12-01,"1,25","3,80"
ATL-DET,2016-12-02,"1,70","2,10"
BOS-SAC,2016-12-02,"1,35","3,10"
CHI-CLE,2016-12-02,"2,05","1,75"
DEN-HOU,2016-12-02,"1,60","2,30"
NOP-LAC,2016-12-02,"2,55","1,50"
NYK-MIN,2016-12-02,"2,10","1,70"
PHI-ORL,2016-12-02,"1,80","2,00"
SAS-WAS,2016-12-02,"1,18","4,70"
TOR-LAL,2016-12-02,"1,17","4,80"
CHO-MIN,2016-12-03,"1,35","3,10"
DAL-CHI,2016-12-03,"2,30","1,60"
GSW-PHO,2016-12-03,"1,01",15
MEM-LAL,2016-12-03,"1,70","2,10"
MIL-BRK,2016-12-03,"1,20","4,50"
PHI-BOS,2016-12-03,"4,70","1,18"
POR-MIA,2016-12-03,"1,40","2,90"
TOR-ATL,2016-12-03,"1,22","4,20"
UTA-DEN,2016-12-03,"1,35","3,10"
DET-ORL,2016-12-04,"1,27","3,70"
LAC-IND,2016-12-04,"1,10","6,50"
NYK-SAC,2016-12-04,"1,75","2,05"
OKC-NOP,2016-12-04,"1,35","3,10"
ATL-OKC,2016-12-05,"1,50","2,50"
BRK-WAS,2016-12-05,"2,90","1,40"
CHI-POR,2016-12-05,"1,55","2,40"
DAL-CHO,2016-12-05,"2,40","1,55"
GSW-IND,2016-12-05,"1,05","9,00"
HOU-BOS,2016-12-05,"1,45","2,70"
LAL-UTA,2016-12-05,"2,50","1,50"
MIL-SAS,2016-12-05,"2,90","1,40"
NOP-MEM,2016-12-05,"1,50","2,55"
PHI-DEN,2016-12-05,"2,55","1,50"
TOR-CLE,2016-12-05,"1,80","2,00"
DET-CHI,2016-12-06,"1,40","2,90"
MEM-PHI,2016-12-06,"1,27","3,60"
MIA-NYK,2016-12-06,"1,75","2,00"
MIN-SAS,2016-12-06,"2,40","1,55"
UTA-PHO,2016-12-06,"1,30","3,40"
WAS-ORL,2016-12-06,"1,60","2,30"
ATL-MIA,2016-12-07,"1,17","4,80"
BRK-DEN,2016-12-07,"2,55","1,50"
CHO-DET,2016-12-07,"1,40","2,90"
DAL-SAC,2016-12-07,"2,30","1,60"
HOU-LAL,2016-12-07,"1,05","9,00"
LAC-GSW,2016-12-07,"2,40","1,55"
MIL-POR,2016-12-07,"1,80","2,00"
NYK-CLE,2016-12-07,"4,20","1,22"
ORL-BOS,2016-12-07,"2,00","1,70"
PHO-IND,2016-12-07,"2,40","1,55"
CHI-SAS,2016-12-08,"2,40","1,55"
MEM-POR,2016-12-08,"2,20","1,60"
NOP-PHI,2016-12-08,"1,35","3,20"
TOR-MIN,2016-12-08,"1,20","4,40"
UTA-GSW,2016-12-08,"6,00","1,12"
WAS-DEN,2016-12-08,"1,40","2,90"
BOS-TOR,2016-12-09,"1,75","2,05"
CHO-ORL,2016-12-09,"1,27","3,70"
CLE-MIA,2016-12-09,"1,08","7,50"
DAL-IND,2016-12-09,"2,40","1,55"
LAL-PHO,2016-12-09,"1,80","2,00"
MIL-ATL,2016-12-09,"1,65","2,20"
MIN-DET,2016-12-09,"2,30","1,60"
OKC-HOU,2016-12-09,"2,00","1,80"
SAC-NYK,2016-12-09,"1,40","2,70"
CHI-MIA,2016-12-10,"1,17","4,80"
CLE-CHO,2016-12-10,"1,28","3,60"
HOU-DAL,2016-12-10,"1,05","9,00"
IND-POR,2016-12-10,"1,95","1,85"
LAC-NOP,2016-12-10,"1,03",11
MEM-GSW,2016-12-10,"8,00","1,07"
ORL-DEN,2016-12-10,"2,00","1,80"
SAS-BRK,2016-12-10,"1,03",11
UTA-SAC,2016-12-10,"1,40","2,90"
WAS-MIL,2016-12-10,"1,50","2,55"
DET-PHI,2016-12-11,"1,07","8,00"
LAL-NYK,2016-12-11,"2,20","1,65"
MIN-GSW,2016-12-11,"5,20","1,15"
OKC-BOS,2016-12-11,"1,60","2,30"
PHO-NOP,2016-12-11,"1,70","2,10"
DAL-DEN,2016-12-12,"2,20","1,65"
HOU-BRK,2016-12-12,"1,07","8,00"
IND-CHO,2016-12-12,"1,95","1,85"
LAC-POR,2016-12-12,"1,15","5,20"
MIA-WAS,2016-12-12,"2,00","1,80"
SAC-LAL,2016-12-12,"1,25","3,80"
TOR-MIL,2016-12-12,"1,27","3,70"
ATL-ORL,2016-12-13,"1,22","4,10"
CHI-MIN,2016-12-13,"1,40","2,90"
CLE-MEM,2016-12-13,"1,05","9,00"
NOP-GSW,2016-12-13,"5,20","1,15"
PHO-NYK,2016-12-13,"2,10","1,70"
POR-OKC,2016-12-13,"1,75","2,05"
BRK-LAL,2016-12-14,"2,00","1,80"
DAL-DET,2016-12-14,"2,70","1,45"
HOU-SAC,2016-12-14,"1,07","8,00"
MEM-CLE,2016-12-14,"1,30","3,20"
MIA-IND,2016-12-14,"1,95","1,85"
ORL-LAC,2016-12-14,"4,20","1,22"
PHI-TOR,2016-12-14,"4,20","1,22"
SAS-BOS,2016-12-14,"1,35","3,10"
UTA-OKC,2016-12-14,"1,30","3,40"
WAS-CHO,2016-12-14,"2,10","1,75"
DEN-POR,2016-12-15,"1,65","2,20"
GSW-NYK,2016-12-15,"1,03",11
MIL-CHI,2016-12-15,"1,90","1,90"
NOP-IND,2016-12-15,"1,70","2,10"
PHO-SAS,2016-12-15,"3,70","1,27"
BOS-CHO,2016-12-16,"1,35","3,10"
CHI-MIL,2016-12-16,"1,40","2,90"
HOU-NOP,2016-12-16,"1,08","7,50"
MEM-SAC,2016-12-16,"1,42","2,80"
MIA-LAC,2016-12-16,"3,60","1,28"
ORL-BRK,2016-12-16,"1,30","3,40"
PHI-LAL,2016-12-16,"1,90","1,90"
TOR-ATL,2016-12-16,"1,30","3,40"
UTA-DAL,2016-12-16,"1,12","6,00"
WAS-DET,2016-12-16,"2,00","1,80"
ATL-CHO,2016-12-17,"1,70","2,10"
CLE-LAL,2016-12-17,"1,03",11
DEN-NYK,2016-12-17,"1,55","2,40"
DET-IND,2016-12-17,"1,45","2,70"
GSW-POR,2016-12-17,"1,05","9,00"
MIN-HOU,2016-12-17,"2,30","1,60"
OKC-PHO,2016-12-17,"1,35","3,10"
DAL-SAC,2016-12-18,"1,85","1,95"
MEM-UTA,2016-12-18,"2,00","1,80"
MIA-BOS,2016-12-18,"2,55","1,50"
ORL-TOR,2016-12-18,"2,90","1,40"
PHI-BRK,2016-12-18,"1,80","2,00"
SAS-NOP,2016-12-18,"1,10","6,50"
WAS-LAC,2016-12-18,"2,70","1,45"
CHI-DET,2016-12-19,"1,65","2,20"
DEN-DAL,2016-12-19,"1,25","3,80"
IND-WAS,2016-12-19,"1,40","2,90"
MIN-PHO,2016-12-19,"1,40","2,90"
OKC-ATL,2016-12-19,"1,65","2,20"
CHO-LAL,2016-12-20,"1,22","4,20"
GSW-UTA,2016-12-20,"1,07","8,00"
HOU-SAS,2016-12-20,"1,95","1,85"
LAC-DEN,2016-12-20,"1,25","3,80"
MEM-BOS,2016-12-20,"2,10","1,70"
MIA-ORL,2016-12-20,"1,55","2,40"
MIL-CLE,2016-12-20,"2,40","1,55"
NYK-IND,2016-12-20,"1,50","2,55"
PHI-NOP,2016-12-20,"2,30","1,60"
SAC-POR,2016-12-20,"1,90","1,90"
TOR-BRK,2016-12-20,"1,03",11
ATL-MIN,2016-12-21,"1,50","2,40"
CHI-WAS,2016-12-21,"1,55","2,40"
CLE-MIL,2016-12-21,"1,30","3,20"
DET-MEM,2016-12-21,"1,35","3,10"
NOP-OKC,2016-12-21,"2,10","1,70"
PHO-HOU,2016-12-21,"3,10","1,35"
POR-DAL,2016-12-21,"1,40","2,90"
UTA-SAC,2016-12-21,"1,22","4,20"
BRK-GSW,2016-12-22,"9,00","1,05"
IND-BOS,2016-12-22,"1,95","1,85"
LAC-SAS,2016-12-22,"2,10","1,75"
MIA-LAL,2016-12-22,"1,40","2,90"
NYK-ORL,2016-12-22,"1,50","2,55"
BOS-OKC,2016-12-23,"1,40","2,70"
CHO-CHI,2016-12-23,"1,50","2,55"
CLE-BRK,2016-12-23,"1,02",12
DEN-ATL,2016-12-23,"1,40","2,70"
DET-GSW,2016-12-23,"3,80","1,25"
LAC-DAL,2016-12-23,"1,45","2,60"
MEM-HOU,2016-12-23,"2,40","1,55"
MIL-WAS,2016-12-23,"1,65","2,20"
MIN-SAC,2016-12-23,"1,45","2,70"
NOP-MIA,2016-12-23,"1,45","2,70"
ORL-LAL,2016-12-23,"1,45","2,70"
PHO-PHI,2016-12-23,"1,45","2,60"
POR-SAS,2016-12-23,"2,10","1,70"
UTA-TOR,2016-12-23,"2,00","1,80"
CLE-GSW,2016-12-25,"2,30","1,60"
LAL-LAC,2016-12-25,"2,30","1,55"
NYK-BOS,2016-12-25,"2,10","1,70"
OKC-MIN,2016-12-25,"1,50","2,55"
SAS-CHI,2016-12-25,"1,20","4,50"
BRK-CHO,2016-12-26,"3,30","1,32"
CHI-IND,2016-12-26,"1,70","2,10"
DET-CLE,2016-12-26,"1,50","2,50"
HOU-PHO,2016-12-26,"1,07","8,00"
LAC-DEN,2016-12-26,"2,50","1,50"
MIN-ATL,2016-12-26,"2,00","1,80"
NOP-DAL,2016-12-26,"1,55","2,40"
ORL-MEM,2016-12-26,"2,20","1,65"
POR-TOR,2016-12-26,"3,80","1,25"
SAC-PHI,2016-12-26,"1,20","4,10"
WAS-MIL,2016-12-26,"1,65","2,25"
BOS-MEM,2016-12-27,"1,30","3,40"
DAL-HOU,2016-12-27,"2,70","1,45"
LAL-UTA,2016-12-27,"2,70","1,45"
MIA-OKC,2016-12-27,"2,60","1,50"
ATL-NYK,2016-12-28,"1,45","2,70"
CHI-BRK,2016-12-28,"1,18","4,80"
DEN-MIN,2016-12-28,"1,50","2,55"
DET-MIL,2016-12-28,"1,65","2,20"
GSW-TOR,2016-12-28,"1,17","4,80"
NOP-LAC,2016-12-28,"1,95","1,75"
ORL-CHO,2016-12-28,"2,55","1,50"
POR-SAC,2016-12-28,"1,80","2,00"
SAS-PHO,2016-12-28,"1,09","7,00"
WAS-IND,2016-12-28,"1,50","2,55"
CHO-MIA,2016-12-29,"1,32","3,30"
CLE-BOS,2016-12-29,"1,35","3,10"
LAL-DAL,2016-12-29,"1,55","2,40"
MEM-OKC,2016-12-29,"1,85","1,95"
PHO-TOR,2016-12-29,"4,20","1,22"
UTA-PHI,2016-12-29,"1,05","9,00"
ATL-DET,2016-12-30,"1,65","2,20"
BOS-MIA,2016-12-30,"1,20","4,50"
DEN-PHI,2016-12-30,"1,13","5,70"
GSW-DAL,2016-12-30,"1,00",17
HOU-LAC,2016-12-30,"1,15","5,20"
IND-CHI,2016-12-30,"1,55","2,40"
MIN-MIL,2016-12-30,"1,85","1,95"
NOP-NYK,2016-12-30,"1,65","2,20"
SAS-POR,2016-12-30,"1,15","5,20"
WAS-BRK,2016-12-30,"1,25","3,80"
CHI-MIL,2016-12-31,"1,65","2,20"
CHO-CLE,2016-12-31,"1,95","1,85"
HOU-NYK,2016-12-31,"1,07","8,00"
OKC-LAC,2016-12-31,"1,22","4,10"
SAC-MEM,2016-12-31,"2,00","1,80"
UTA-PHO,2016-12-31,"1,12","6,00"
ATL-SAS,2017-01-01,"2,70","1,45"
IND-ORL,2017-01-01,"1,35","3,10"
LAL-TOR,2017-01-01,"4,20","1,22"
MIA-DET,2017-01-01,"3,40","1,30"
MIN-POR,2017-01-01,"1,37","3,00"
BRK-UTA,2017-01-02,"3,30","1,32"
CHI-CHO,2017-01-02,"2,00","1,75"
CLE-NOP,2017-01-02,"1,20","4,50"
GSW-DEN,2017-01-02,"1,03",11
HOU-WAS,2017-01-02,"1,25","3,80"
LAC-PHO,2017-01-02,"1,45","2,60"
MIL-OKC,2017-01-02,"1,80","2,00"
NYK-ORL,2017-01-02,"1,50","2,55"
BOS-UTA,2017-01-03,"1,40","2,90"
DAL-WAS,2017-01-03,"1,80","2,00"
DEN-SAC,2017-01-03,"1,60","2,30"
DET-IND,2017-01-03,"1,50","2,55"
LAL-MEM,2017-01-03,"2,55","1,50"
PHI-MIN,2017-01-03,"2,70","1,45"
PHO-MIA,2017-01-03,"1,45","2,70"
SAS-TOR,2017-01-03,"1,35","3,10"
CHO-OKC,2017-01-04,"1,70","2,10"
CLE-CHI,2017-01-04,"1,60","2,30"
GSW-POR,2017-01-04,"1,03",11
LAC-MEM,2017-01-04,"2,00","1,80"
NYK-MIL,2017-01-04,"2,30","1,60"
ORL-ATL,2017-01-04,"2,10","1,75"
SAC-MIA,2017-01-04,"1,30","3,50"
DAL-PHO,2017-01-05,"1,40","2,90"
DEN-SAS,2017-01-05,"3,60","1,27"
DET-CHO,2017-01-05,"1,45","2,70"
HOU-OKC,2017-01-05,"1,22","4,20"
IND-BRK,2017-01-05,"1,15","5,20"
NOP-ATL,2017-01-05,"1,85","1,95"
POR-LAL,2017-01-05,"1,30","3,40"
TOR-UTA,2017-01-05,"1,45","2,70"
BOS-PHI,2017-01-06,"1,12","5,90"
BRK-CLE,2017-01-06,"8,00","1,07"
GSW-MEM,2017-01-06,"1,04",10
LAL-MIA,2017-01-06,"1,70","2,10"
MIL-NYK,2017-01-06,"1,40","2,90"
ORL-HOU,2017-01-06,"2,70","1,45"
SAC-LAC,2017-01-06,"2,20","1,65"
WAS-MIN,2017-01-06,"1,45","2,70"
BOS-NOP,2017-01-07,"1,35","3,10"
CHI-TOR,2017-01-07,"2,05","1,75"
DAL-ATL,2017-01-07,"2,00","1,80"
IND-NYK,2017-01-07,"1,30","3,50"
MIN-UTA,2017-01-07,"2,70","1,45"
OKC-DEN,2017-01-07,"1,27","3,70"
SAS-CHO,2017-01-07,"1,10","6,50"
BRK-PHI,2017-01-08,"1,80","2,00"
LAC-MIA,2017-01-08,"1,20","4,50"
LAL-ORL,2017-01-08,"1,70","2,10"
MEM-UTA,2017-01-08,"1,65","2,20"
MIL-WAS,2017-01-08,"1,90","1,90"
PHO-CLE,2017-01-08,"4,20","1,22"
POR-DET,2017-01-08,"1,55","2,40"
SAC-GSW,2017-01-08,"6,00","1,12"
TOR-HOU,2017-01-08,"2,10","1,70"
CHI-OKC,2017-01-09,"1,95","1,85"
MIN-DAL,2017-01-09,"1,50","2,55"
NYK-NOP,2017-01-09,"1,55","2,40"
BRK-ATL,2017-01-10,"4,10","1,22"
GSW-MIA,2017-01-10,"1,03",11
HOU-CHO,2017-01-10,"1,18","4,60"
LAL-POR,2017-01-10,"2,10","1,70"
SAC-DET,2017-01-10,"1,65","2,20"
SAS-MIL,2017-01-10,"1,16","5,00"
TOR-BOS,2017-01-10,"1,42","2,80"
UTA-CLE,2017-01-10,"2,05","1,75"
WAS-CHI,2017-01-10,"1,11","6,50"
BOS-WAS,2017-01-11,"1,40","2,90"
LAC-ORL,2017-01-11,"1,15","5,20"
MIN-HOU,2017-01-11,"2,40","1,55"
OKC-MEM,2017-01-11,"1,50","2,55"
PHI-NYK,2017-01-11,"2,00","1,80"
POR-CLE,2017-01-11,"2,70","1,45"
BRK-NOP,2017-01-12,"1,85","1,95"
DEN-IND,2017-01-12,"2,55","1,50"
GSW-DET,2017-01-12,"1,05","9,00"
NYK-CHI,2017-01-12,"1,60","2,30"
PHO-DAL,2017-01-12,"2,00","1,80"
SAS-LAL,2017-01-12,"1,05","9,00"
ATL-BOS,2017-01-13,"1,60","2,30"
HOU-MEM,2017-01-13,"1,27","3,70"
MIL-MIA,2017-01-13,"1,30","3,40"
MIN-OKC,2017-01-13,"2,10","1,70"
PHI-CHO,2017-01-13,"2,90","1,40"
POR-ORL,2017-01-13,"1,27","3,70"
SAC-CLE,2017-01-13,"3,10","1,35"
TOR-BRK,2017-01-13,"1,03",11
UTA-DET,2017-01-13,"1,13","5,70"
CHI-NOP,2017-01-14,"1,55","2,40"
LAC-LAL,2017-01-14,"1,12","6,00"
PHO-SAS,2017-01-14,"7,50","1,08"
UTA-ORL,2017-01-14,"1,10","6,50"
WAS-PHI,2017-01-14,"1,15","5,20"
ATL-MIL,2017-01-15,"1,55","2,40"
BRK-HOU,2017-01-15,"9,00","1,05"
DAL-MIN,2017-01-15,"1,85","1,95"
LAL-DET,2017-01-15,"2,05","1,75"
MEM-CHI,2017-01-15,"1,22","4,10"
SAC-OKC,2017-01-15,"1,95","1,85"
TOR-NYK,2017-01-15,"1,15","5,20"
BOS-CHO,2017-01-16,"1,45","2,70"
DEN-ORL,2017-01-16,"1,40","2,90"
GSW-CLE,2017-01-16,"1,22","4,20"
IND-NOP,2017-01-16,"1,45","2,70"
LAC-OKC,2017-01-16,"1,25","3,80"
MIL-PHI,2017-01-16,"1,22","4,20"
NYK-ATL,2017-01-16,"2,20","1,65"
PHO-UTA,2017-01-16,"3,10","1,35"
WAS-POR,2017-01-16,"1,55","2,40"
BRK-TOR,2017-01-17,"4,70","1,18"
CHI-DAL,2017-01-17,"1,45","2,70"
LAL-DEN,2017-01-17,"1,95","1,85"
MIA-HOU,2017-01-17,"3,80","1,25"
SAS-MIN,2017-01-17,"1,10","6,50"
BOS-NYK,2017-01-18,"1,17","4,80"
CHO-POR,2017-01-18,"1,40","2,90"
DET-ATL,2017-01-18,"2,05","1,75"
GSW-OKC,2017-01-18,"1,05","9,00"
HOU-MIL,2017-01-18,"1,35","3,10"
NOP-ORL,2017-01-18,"1,45","2,70"
PHI-TOR,2017-01-18,"2,90","1,40"
SAC-IND,2017-01-18,"1,65","2,20"
WAS-MEM,2017-01-18,"1,70","2,10"
CLE-PHO,2017-01-19,"1,10","6,50"
LAC-MIN,2017-01-19,"2,00","1,70"
MIA-DAL,2017-01-19,"1,70","2,10"
NYK-WAS,2017-01-19,"2,00","1,80"
SAS-DEN,2017-01-19,"1,10","6,50"
ATL-CHI,2017-01-20,"1,50","2,55"
CHO-TOR,2017-01-20,"1,85","1,95"
DAL-UTA,2017-01-20,"2,90","1,40"
HOU-GSW,2017-01-20,"2,90","1,40"
LAL-IND,2017-01-20,"2,40","1,55"
MEM-SAC,2017-01-20,"1,25","3,80"
NOP-BRK,2017-01-20,"1,17","4,80"
ORL-MIL,2017-01-20,"2,40","1,55"
PHI-POR,2017-01-20,"2,10","1,70"
ATL-PHI,2017-01-21,"1,15","5,20"
BOS-POR,2017-01-21,"1,27","3,70"
CHI-SAC,2017-01-21,"1,32","3,30"
CHO-BRK,2017-01-21,"1,10","6,50"
CLE-SAS,2017-01-21,"1,55","2,40"
DEN-LAC,2017-01-21,"1,45","2,70"
DET-WAS,2017-01-21,"1,80","2,00"
MEM-HOU,2017-01-21,"2,00","1,80"
MIA-MIL,2017-01-21,"2,00","1,80"
NYK-PHO,2017-01-21,"1,45","2,70"
UTA-IND,2017-01-21,"1,30","3,40"
DAL-LAL,2017-01-22,"1,40","2,90"
MIN-DEN,2017-01-22,"1,55","2,40"
ORL-GSW,2017-01-22,"9,00","1,05"
TOR-PHO,2017-01-22,"1,08","7,50"
ATL-LAC,2017-01-23,"1,30","3,40"
BRK-SAS,2017-01-23,"4,10","1,22"
CHO-WAS,2017-01-23,"1,40","2,90"
DET-SAC,2017-01-23,"1,35","3,10"
IND-NYK,2017-01-23,"1,40","2,90"
MIA-GSW,2017-01-23,"6,50","1,10"
MIL-HOU,2017-01-23,"2,70","1,45"
NOP-CLE,2017-01-23,"4,80","1,17"
UTA-OKC,2017-01-23,"1,42","2,80"
DEN-UTA,2017-01-24,"1,75","2,05"
ORL-CHI,2017-01-24,"2,30","1,60"
PHI-LAC,2017-01-24,"2,55","1,50"
PHO-MIN,2017-01-24,"2,00","1,80"
TOR-SAS,2017-01-24,"1,75","2,00"
WAS-BOS,2017-01-24,"1,95","1,85"
BOS-HOU,2017-01-25,"2,50","1,50"
BRK-MIA,2017-01-25,"2,20","1,65"
CHI-ATL,2017-01-25,"2,05","1,75"
CHO-GSW,2017-01-25,"5,20","1,15"
CLE-SAC,2017-01-25,"1,10","6,50"
DAL-NYK,2017-01-25,"1,60","2,30"
MEM-TOR,2017-01-25,"1,45","2,70"
MIL-PHI,2017-01-25,"1,12","6,00"
NOP-OKC,2017-01-25,"2,00","1,80"
POR-LAL,2017-01-25,"1,22","4,20"
DEN-PHO,2017-01-26,"1,35","3,10"
MIN-IND,2017-01-26,"1,60","2,30"
OKC-DAL,2017-01-26,"1,20","4,50"
UTA-LAL,2017-01-26,"1,07","8,00"
ATL-WAS,2017-01-27,"1,60","2,30"
BOS-ORL,2017-01-27,"1,25","3,80"
CHI-MIA,2017-01-27,"1,27","3,70"
CLE-BRK,2017-01-27,"1,02",12
IND-SAC,2017-01-27,"1,50","2,55"
NOP-SAS,2017-01-27,"3,20","1,35"
NYK-CHO,2017-01-27,"1,95","1,85"
PHI-HOU,2017-01-27,"3,10","1,35"
POR-MEM,2017-01-27,"1,85","1,95"
TOR-MIL,2017-01-27,"1,35","3,10"
CHO-SAC,2017-01-28,"1,28","3,60"
GSW-LAC,2017-01-28,"1,07","8,00"
MIA-DET,2017-01-28,"2,30","1,60"
MIL-BOS,2017-01-28,"1,75","2,05"
MIN-BRK,2017-01-28,"1,15","5,20"
PHO-DEN,2017-01-28,"1,60","2,30"
UTA-MEM,2017-01-28,"1,27","3,70"
ATL-NYK,2017-01-29,"1,35","3,10"
CHI-PHI,2017-01-29,"1,30","3,40"
CLE-OKC,2017-01-29,"1,27","3,70"
IND-HOU,2017-01-29,"2,30","1,60"
NOP-WAS,2017-01-29,"1,90","1,90"
POR-GSW,2017-01-29,"3,00","1,37"
SAS-DAL,2017-01-29,"1,08","7,50"
TOR-ORL,2017-01-29,"1,13","5,70"
BOS-DET,2017-01-30,"1,42","2,80"
DAL-CLE,2017-01-30,"2,55","1,50"
MIA-BRK,2017-01-30,"1,25","3,80"
MIN-ORL,2017-01-30,"1,25","3,90"
PHI-SAC,2017-01-30,"2,30","1,60"
PHO-MEM,2017-01-30,"2,40","1,55"
HOU-SAC,2017-01-31,"1,10","6,50"
LAL-DEN,2017-01-31,"1,95","1,80"
POR-CHO,2017-01-31,"1,60","2,30"
SAS-OKC,2017-01-31,"1,20","4,50"
TOR-NOP,2017-01-31,"1,32","3,30"
WAS-NYK,2017-01-31,"1,27","3,60"
BOS-TOR,2017-02-01,"1,35","3,10"
BRK-NYK,2017-02-01,"2,20","1,65"
CLE-MIN,2017-02-01,"1,35","3,10"
DAL-PHI,2017-02-01,"1,32","3,30"
DEN-MEM,2017-02-01,"2,40","1,55"
DET-NOP,2017-02-01,"1,27","3,70"
GSW-CHO,2017-02-01,"1,03",11
MIA-ATL,2017-02-01,"1,80","2,00"
OKC-CHI,2017-02-01,"1,60","2,30"
ORL-IND,2017-02-01,"2,10","1,70"
PHO-LAC,2017-02-01,"2,20","1,65"
UTA-MIL,2017-02-01,"1,28","3,60"
HOU-ATL,2017-02-02,"1,15","5,30"
LAC-GSW,2017-02-02,"3,80","1,25"
SAS-PHI,2017-02-02,"1,02",12
WAS-LAL,2017-02-02,"1,15","5,30"
BOS-LAL,2017-02-03,"1,12","6,00"
BRK-IND,2017-02-03,"3,30","1,32"
DEN-MIL,2017-02-03,"1,60","2,30"
DET-MIN,2017-02-03,"1,50","2,55"
HOU-CHI,2017-02-03,"1,17","4,90"
OKC-MEM,2017-02-03,"1,95","1,85"
ORL-TOR,2017-02-03,"2,70","1,45"
POR-DAL,2017-02-03,"1,35","3,10"
SAC-PHO,2017-02-03,"1,50","2,55"
ATL-ORL,2017-02-04,"1,30","3,40"
IND-DET,2017-02-04,"1,65","2,20"
MIA-PHI,2017-02-04,"1,17","4,90"
MIN-MEM,2017-02-04,"1,50","2,60"
NYK-CLE,2017-02-04,"2,50","1,50"
PHO-MIL,2017-02-04,"1,95","1,85"
SAC-GSW,2017-02-04,11,"1,03"
SAS-DEN,2017-02-04,"1,07","8,00"
UTA-CHO,2017-02-04,"1,25","3,80"
WAS-NOP,2017-02-04,"1,30","3,40"
BOS-LAC,2017-02-05,"1,40","2,90"
BRK-TOR,2017-02-05,"3,40","1,30"
OKC-POR,2017-02-05,"1,45","2,70"
ATL-UTA,2017-02-06,"1,85","1,95"
DEN-DAL,2017-02-06,"1,60","2,30"
DET-PHI,2017-02-06,"1,20","4,40"
IND-OKC,2017-02-06,"1,45","2,70"
MEM-SAS,2017-02-06,"1,85","1,90"
MIN-MIA,2017-02-06,"1,90","1,85"
NOP-PHO,2017-02-06,"1,40","2,90"
NYK-LAL,2017-02-06,"1,45","2,70"
SAC-CHI,2017-02-06,"1,55","2,40"
TOR-LAC,2017-02-06,"1,40","2,90"
WAS-CLE,2017-02-06,"2,00","1,80"
CHO-BRK,2017-02-07,"1,15","5,20"
DAL-POR,2017-02-07,"2,10","1,70"
HOU-ORL,2017-02-07,"1,12","6,00"
ATL-DEN,2017-02-08,"1,55","2,40"
BRK-WAS,2017-02-08,"5,70","1,13"
DET-LAL,2017-02-08,"1,30","3,40"
GSW-CHI,2017-02-08,"1,02",12
IND-CLE,2017-02-08,"2,30","1,60"
MEM-PHO,2017-02-08,"1,25","3,80"
MIL-MIA,2017-02-08,"1,55","2,40"
MIN-TOR,2017-02-08,"2,30","1,60"
NOP-UTA,2017-02-08,"2,40","1,55"
NYK-LAC,2017-02-08,"1,95","1,85"
PHI-SAS,2017-02-08,"6,00","1,12"
SAC-BOS,2017-02-08,"4,50","1,20"
CHO-HOU,2017-02-09,"2,30","1,60"
DAL-UTA,2017-02-09,"2,20","1,65"
OKC-CLE,2017-02-09,"1,12","6,00"
ORL-PHI,2017-02-09,"1,35","3,10"
POR-BOS,2017-02-09,"1,65","2,20"
BRK-MIA,2017-02-10,"2,90","1,40"
DET-SAS,2017-02-10,"2,55","1,50"
MEM-GSW,2017-02-10,"3,70","1,27"
MIL-LAL,2017-02-10,"1,40","2,90"
MIN-NOP,2017-02-10,"1,45","2,70"
NYK-DEN,2017-02-10,"1,80","2,00"
PHO-CHI,2017-02-10,"2,20","1,65"
SAC-ATL,2017-02-10,"2,05","1,75"
WAS-IND,2017-02-10,"1,40","2,90"
CHO-LAC,2017-02-11,"1,65","2,20"
CLE-DEN,2017-02-11,"1,10","6,50"
DAL-ORL,2017-02-11,"1,35","3,10"
HOU-PHO,2017-02-11,"1,03",11
IND-MIL,2017-02-11,"1,35","3,10"
OKC-GSW,2017-02-11,"3,70","1,27"
PHI-MIA,2017-02-11,"2,30","1,60"
UTA-BOS,2017-02-11,"1,35","3,10"
MIN-CHI,2017-02-12,"1,35","3,10"
NYK-SAS,2017-02-12,"4,50","1,20"
SAC-NOP,2017-02-12,"1,55","2,40"
TOR-DET,2017-02-12,"1,32","3,30"
BRK-MEM,2017-02-13,"4,50","1,20"
CHO-PHI,2017-02-13,"1,25","3,80"
DAL-BOS,2017-02-13,"2,05","1,75"
DEN-GSW,2017-02-13,"6,50","1,10"
IND-SAS,2017-02-13,"2,70","1,45"
MIA-ORL,2017-02-13,"1,25","3,80"
MIL-DET,2017-02-13,"1,65","2,20"
PHO-NOP,2017-02-13,"1,55","2,40"
POR-ATL,2017-02-13,"1,80","2,00"
UTA-LAC,2017-02-13,"1,25","3,80"
WAS-OKC,2017-02-13,"1,40","2,90"
CHI-TOR,2017-02-14,"2,55","1,50"
LAL-SAC,2017-02-14,"1,70","2,10"
MIN-CLE,2017-02-14,"2,55","1,50"
BOS-PHI,2017-02-15,"1,15","5,20"
BRK-MIL,2017-02-15,"3,10","1,35"
CLE-IND,2017-02-15,"1,35","3,10"
DEN-MIN,2017-02-15,"1,40","2,90"
DET-DAL,2017-02-15,"1,45","2,70"
GSW-SAC,2017-02-15,"1,00",15
HOU-MIA,2017-02-15,"1,15","5,30"
LAC-ATL,2017-02-15,"1,55","2,40"
MEM-NOP,2017-02-15,"1,25","3,80"
OKC-NYK,2017-02-15,"1,32","3,30"
ORL-SAS,2017-02-15,"5,20","1,15"
PHO-LAL,2017-02-15,"1,55","2,40"
TOR-CHO,2017-02-15,"1,35","3,10"
UTA-POR,2017-02-15,"1,20","4,40"
CHI-BOS,2017-02-16,"1,95","1,85"
IND-WAS,2017-02-16,"2,20","1,65"
CLE-NYK,2017-02-23,"1,12","6,00"
DET-CHO,2017-02-23,"1,50","2,55"
GSW-LAC,2017-02-23,"1,08","7,50"
NOP-HOU,2017-02-23,"2,40","1,55"
ORL-POR,2017-02-23,"2,30","1,60"
SAC-DEN,2017-02-23,"3,30","1,30"
ATL-MIA,2017-02-24,"1,60","2,30"
CHI-PHO,2017-02-24,"1,40","2,90"
DEN-BRK,2017-02-24,"1,17","4,80"
IND-MEM,2017-02-24,"1,90","1,90"
LAC-SAS,2017-02-24,"2,20","1,65"
MIL-UTA,2017-02-24,"2,30","1,60"
MIN-DAL,2017-02-24,"1,55","2,40"
OKC-LAL,2017-02-24,"1,13","5,70"
PHI-WAS,2017-02-24,"3,80","1,25"
TOR-BOS,2017-02-24,"1,70","2,00"
CLE-CHI,2017-02-25,"1,37","3,00"
DAL-NOP,2017-02-25,"2,10","1,70"
GSW-BRK,2017-02-25,"1,00",15
HOU-MIN,2017-02-25,"1,08","7,50"
MIA-IND,2017-02-25,"1,50","2,55"
NYK-PHI,2017-02-25,"1,32","3,30"
ORL-ATL,2017-02-25,"2,40","1,55"
SAC-CHO,2017-02-25,"2,40","1,55"
DEN-MEM,2017-02-26,"1,70","2,10"
DET-BOS,2017-02-26,"2,05","1,75"
LAC-CHO,2017-02-26,"1,17","4,80"
LAL-SAS,2017-02-26,"6,50","1,10"
MIL-PHO,2017-02-26,"1,40","2,90"
OKC-NOP,2017-02-26,"1,35","3,10"
TOR-POR,2017-02-26,"1,45","2,70"
WAS-UTA,2017-02-26,"1,70","2,10"
BOS-ATL,2017-02-27,"1,50","2,55"
CLE-MIL,2017-02-27,"1,18","4,70"
DAL-MIA,2017-02-27,"2,00","1,80"
HOU-IND,2017-02-27,"1,15","5,20"
NYK-TOR,2017-02-27,"2,30","1,60"
PHI-GSW,2017-02-27,"9,00","1,05"
SAC-MIN,2017-02-27,"2,55","1,50"
CHI-DEN,2017-02-28,"1,70","2,10"
DET-POR,2017-02-28,"1,55","2,40"
LAL-CHO,2017-02-28,"2,50","1,50"
MEM-PHO,2017-02-28,"1,20","4,40"
OKC-UTA,2017-02-28,"2,10","1,70"
WAS-GSW,2017-02-28,"3,40","1,30"
ATL-DAL,2017-03-01,"1,40","2,90"
BOS-CLE,2017-03-01,"1,85","1,95"
LAC-HOU,2017-03-01,"1,75","2,05"
MIA-PHI,2017-03-01,"1,20","4,50"
MIL-DEN,2017-03-01,"1,60","2,30"
NOP-DET,2017-03-01,"1,70","2,10"
ORL-NYK,2017-03-01,"1,75","2,05"
SAC-BRK,2017-03-01,"1,70","2,10"
SAS-IND,2017-03-01,"1,15","5,20"
TOR-WAS,2017-03-01,"1,50","2,55"
UTA-MIN,2017-03-01,"1,30","3,40"
CHI-GSW,2017-03-02,"3,40","1,30"
PHO-CHO,2017-03-02,"2,40","1,55"
POR-OKC,2017-03-02,"1,95","1,85"
ATL-CLE,2017-03-03,"2,20","1,65"
DAL-MEM,2017-03-03,"2,25","1,65"
LAL-BOS,2017-03-03,"3,40","1,30"
MIL-LAC,2017-03-03,"2,70","1,45"
NOP-SAS,2017-03-03,"3,10","1,35"
ORL-MIA,2017-03-03,"2,55","1,50"
PHI-NYK,2017-03-03,"2,00","1,80"
PHO-OKC,2017-03-03,"2,70","1,45"
UTA-BRK,2017-03-03,"1,05","9,00"
WAS-TOR,2017-03-03,"1,45","2,70"
CHI-LAC,2017-03-04,"2,20","1,65"
DEN-CHO,2017-03-04,"1,40","2,90"
HOU-MEM,2017-03-04,"1,25","3,80"
MIA-CLE,2017-03-04,"1,25","4,00"
MIL-TOR,2017-03-04,"1,85","1,95"
PHI-DET,2017-03-04,"2,90","1,40"
POR-BRK,2017-03-04,"1,12","6,00"
SAS-MIN,2017-03-04,"1,27","3,70"
ATL-IND,2017-03-05,"1,60","2,30"
DAL-OKC,2017-03-05,"1,85","1,95"
LAL-NOP,2017-03-05,"2,90","1,40"
NYK-GSW,2017-03-05,"6,00","1,12"
PHO-BOS,2017-03-05,"2,75","1,45"
SAC-UTA,2017-03-05,"4,80","1,17"
WAS-ORL,2017-03-05,"1,10","6,50"
ATL-GSW,2017-03-06,"2,90","1,40"
CHO-IND,2017-03-06,"1,50","2,55"
CLE-MIA,2017-03-06,"1,17","4,90"
DEN-SAC,2017-03-06,"1,12","6,00"
DET-CHI,2017-03-06,"1,40","2,90"
LAC-BOS,2017-03-06,"1,30","3,40"
MEM-BRK,2017-03-06,"1,12","6,00"
ORL-NYK,2017-03-06,"1,55","2,30"
PHI-MIL,2017-03-06,"2,90","1,40"
SAS-HOU,2017-03-06,"1,55","2,40"
UTA-NOP,2017-03-06,"1,45","2,70"
DAL-LAL,2017-03-07,"1,20","4,40"
OKC-POR,2017-03-07,"1,32","3,30"
PHO-WAS,2017-03-07,"2,70","1,45"
ATL-BRK,2017-03-08,"1,17","4,80"
DEN-WAS,2017-03-08,"2,10","1,70"
GSW-BOS,2017-03-08,"1,25","3,80"
HOU-UTA,2017-03-08,"1,25","3,80"
IND-DET,2017-03-08,"1,50","2,55"
MIA-CHO,2017-03-08,"1,55","2,40"
MIL-NYK,2017-03-08,"1,35","3,10"
MIN-LAC,2017-03-08,"2,30","1,60"
NOP-TOR,2017-03-08,"1,65","2,20"
ORL-CHI,2017-03-08,"2,00","1,80"
SAS-SAC,2017-03-08,"1,10","6,50"
DET-CLE,2017-03-09,"2,70","1,45"
MEM-LAC,2017-03-09,"1,70","2,10"
OKC-SAS,2017-03-09,"2,20","1,65"
PHO-LAL,2017-03-09,"1,35","3,10"
POR-PHI,2017-03-09,"1,18","4,70"
ATL-TOR,2017-03-10,"1,65","2,20"
CHI-HOU,2017-03-10,"2,90","1,40"
CHO-ORL,2017-03-10,"1,20","4,40"
DAL-BRK,2017-03-10,"1,15","5,30"
DEN-BOS,2017-03-10,"2,10","1,70"
MIL-IND,2017-03-10,"1,80","2,00"
MIN-GSW,2017-03-10,"2,70","1,45"
SAC-WAS,2017-03-10,"3,80","1,25"
CHO-NOP,2017-03-11,"1,60","2,30"
DAL-PHO,2017-03-11,"1,40","2,90"
DET-NYK,2017-03-11,"1,35","3,10"
LAC-PHI,2017-03-11,"1,05","9,00"
MEM-ATL,2017-03-11,"1,35","3,10"
MIA-TOR,2017-03-11,"1,40","2,90"
MIL-MIN,2017-03-11,"1,60","2,30"
OKC-UTA,2017-03-11,"1,55","2,40"
ORL-CLE,2017-03-11,"4,40","1,20"
POR-WAS,2017-03-11,"1,55","2,40"
SAC-DEN,2017-03-11,"2,70","1,45"
SAS-GSW,2017-03-11,"1,15","5,30"
BOS-CHI,2017-03-12,"1,27","3,70"
BRK-NYK,2017-03-12,"1,85","1,95"
HOU-CLE,2017-03-12,"1,35","3,10"
IND-MIA,2017-03-12,"1,40","2,90"
LAL-PHI,2017-03-12,"1,50","2,50"
PHO-POR,2017-03-12,"2,00","1,80"
CHO-CHI,2017-03-13,"1,30","3,40"
DEN-LAL,2017-03-13,"1,07","8,00"
MEM-MIL,2017-03-13,"1,55","2,40"
MIN-WAS,2017-03-13,"1,75","2,05"
SAC-ORL,2017-03-13,"2,00","1,80"
SAS-ATL,2017-03-13,"1,30","3,40"
TOR-DAL,2017-03-13,"1,45","2,70"
UTA-LAC,2017-03-13,"1,80","2,00"
BRK-OKC,2017-03-14,"3,10","1,35"
CLE-DET,2017-03-14,"1,27","3,70"
GSW-PHI,2017-03-14,"1,01",14
NOP-POR,2017-03-14,"1,55","2,40"
NYK-IND,2017-03-14,"2,30","1,60"
BOS-MIN,2017-03-15,"1,40","2,90"
CHI-MEM,2017-03-15,"2,10","1,70"
DET-UTA,2017-03-15,"2,20","1,65"
HOU-LAL,2017-03-15,"1,01",15
IND-CHO,2017-03-15,"1,65","2,20"
LAC-MIL,2017-03-15,"1,27","3,70"
MIA-NOP,2017-03-15,"1,35","3,10"
PHO-SAC,2017-03-15,"1,40","2,90"
SAS-POR,2017-03-15,"1,10","6,50"
WAS-DAL,2017-03-15,"1,27","3,70"
ATL-MEM,2017-03-16,"1,55","2,40"
CLE-UTA,2017-03-16,"1,25","3,80"
DEN-LAC,2017-03-16,"1,45","2,70"
GSW-ORL,2017-03-16,"1,05","9,00"
NYK-BRK,2017-03-16,"1,45","2,70"
TOR-OKC,2017-03-16,"1,65","2,20"
BRK-BOS,2017-03-17,"4,20","1,22"
DET-TOR,2017-03-17,"1,55","2,40"
LAL-MIL,2017-03-17,"3,70","1,27"
MIA-MIN,2017-03-17,"1,50","2,55"
NOP-HOU,2017-03-17,"3,10","1,35"
PHI-DAL,2017-03-17,"2,90","1,40"
PHO-ORL,2017-03-17,"1,70","2,10"
WAS-CHI,2017-03-17,"1,27","3,70"
ATL-POR,2017-03-18,"1,85","1,95"
CHI-UTA,2017-03-18,"2,90","1,40"
CHO-WAS,2017-03-18,"1,55","2,40"
DEN-HOU,2017-03-18,"2,10","1,70"
GSW-MIL,2017-03-18,"1,12","6,00"
LAC-CLE,2017-03-18,"1,06","8,50"
MEM-SAS,2017-03-18,"2,40","1,55"
OKC-SAC,2017-03-18,"1,07","8,00"
BRK-DAL,2017-03-19,"2,55","1,50"
DET-PHO,2017-03-19,"1,07","8,00"
LAL-CLE,2017-03-19,"6,50","1,10"
MIA-POR,2017-03-19,"1,35","3,10"
NOP-MIN,2017-03-19,"1,55","2,40"
PHI-BOS,2017-03-19,"2,70","1,45"
SAS-SAC,2017-03-19,"1,05","9,50"
TOR-IND,2017-03-19,"1,60","2,30"
BOS-WAS,2017-03-20,"1,55","2,40"
CHO-ATL,2017-03-20,"1,40","2,90"
HOU-DEN,2017-03-20,"1,22","4,20"
IND-UTA,2017-03-20,"2,00","1,80"
LAC-NYK,2017-03-20,"1,13","5,70"
OKC-GSW,2017-03-20,"2,00","1,80"
ORL-PHI,2017-03-20,"1,40","2,90"
BRK-DET,2017-03-21,"2,90","1,40"
DAL-GSW,2017-03-21,"2,55","1,50"
LAL-LAC,2017-03-21,"4,80","1,17"
MIA-PHO,2017-03-21,"1,08","7,50"
MIN-SAS,2017-03-21,"2,70","1,45"
NOP-MEM,2017-03-21,"1,65","2,20"
POR-MIL,2017-03-21,"1,55","2,40"
TOR-CHI,2017-03-21,"1,30","3,40"
BOS-IND,2017-03-22,"1,30","3,40"
CHI-DET,2017-03-22,"2,00","1,75"
DEN-CLE,2017-03-22,"2,00","1,75"
OKC-PHI,2017-03-22,"1,11","6,50"
ORL-CHO,2017-03-22,"2,70","1,45"
SAC-MIL,2017-03-22,"2,70","1,45"
UTA-NYK,2017-03-22,"1,08","7,50"
WAS-ATL,2017-03-22,"1,30","3,40"
BRK-PHO,2017-03-23,"1,40","2,90"
DAL-LAC,2017-03-23,"2,70","1,45"
MIA-TOR,2017-03-23,"1,55","2,40"
POR-NYK,2017-03-23,"1,06","8,50"
SAS-MEM,2017-03-23,"1,25","3,80"
BOS-PHO,2017-03-24,"1,01",14
CHI-PHI,2017-03-24,"1,35","3,10"
CHO-CLE,2017-03-24,"2,30","1,60"
GSW-SAC,2017-03-24,"1,01",15
HOU-NOP,2017-03-24,"1,25","3,80"
IND-DEN,2017-03-24,"1,80","2,00"
LAL-MIN,2017-03-24,"3,10","1,35"
MIL-ATL,2017-03-24,"1,35","3,10"
ORL-DET,2017-03-24,"2,10","1,70"
WAS-BRK,2017-03-24,"1,13","5,70"
CLE-WAS,2017-03-25,"1,40","2,90"
DAL-TOR,2017-03-25,"1,90","1,90"
LAC-UTA,2017-03-25,"1,45","2,70"
POR-MIN,2017-03-25,"1,30","3,20"
SAS-NYK,2017-03-25,"1,03",11
ATL-BRK,2017-03-26,"1,35","3,10"
BOS-MIA,2017-03-26,"1,40","2,90"
CHO-PHO,2017-03-26,"1,07","8,00"
DEN-NOP,2017-03-26,"1,27","3,70"
GSW-MEM,2017-03-26,"1,10","6,50"
HOU-OKC,2017-03-26,"1,40","2,90"
IND-PHI,2017-03-26,"1,22","4,20"
LAC-SAC,2017-03-26,"1,07","8,00"
LAL-POR,2017-03-26,"3,10","1,35"
MIL-CHI,2017-03-26,"1,35","3,10"
DAL-OKC,2017-03-27,"2,00","1,75"
NYK-DET,2017-03-27,"2,00","1,80"
SAC-MEM,2017-03-27,"3,40","1,30"
SAS-CLE,2017-03-27,"1,45","2,70"
TOR-ORL,2017-03-27,"1,25","3,80"
UTA-NOP,2017-03-27,"1,35","3,10"
ATL-PHO,2017-03-28,"1,17","4,90"
BRK-PHI,2017-03-28,"1,50","2,55"
CHO-MIL,2017-03-28,"1,50","2,55"
DET-MIA,2017-03-28,"2,30","1,60"
HOU-GSW,2017-03-28,"1,85","1,95"
IND-MIN,2017-03-28,"1,55","2,40"
LAL-WAS,2017-03-28,"4,70","1,18"
POR-DEN,2017-03-28,"1,80","2,00"
BOS-MIL,2017-03-29,"1,25","3,80"
LAC-WAS,2017-03-29,"1,35","3,10"
MEM-IND,2017-03-29,"1,50","2,55"
NOP-DAL,2017-03-29,"1,40","2,90"
NYK-MIA,2017-03-29,"2,20","1,65"
ORL-OKC,2017-03-29,"2,70","1,45"
PHI-ATL,2017-03-29,"2,20","1,65"
SAC-UTA,2017-03-29,"3,70","1,27"
SAS-GSW,2017-03-29,"1,50","2,55"
TOR-CHO,2017-03-29,"1,40","2,90"
CHI-CLE,2017-03-30,"2,70","1,45"
DET-BRK,2017-03-30,"1,33","3,20"
MIN-LAL,2017-03-30,"1,12","6,00"
PHO-LAC,2017-03-30,"4,80","1,17"
POR-HOU,2017-03-30,"1,95","1,85"
BOS-ORL,2017-03-31,"1,15","5,30"
CHO-DEN,2017-03-31,"1,70","2,10"
CLE-PHI,2017-03-31,"1,10","6,50"
GSW-HOU,2017-03-31,"1,20","4,50"
MEM-DAL,2017-03-31,"1,55","2,40"
MIA-NYK,2017-03-31,"1,13","5,70"
MIL-DET,2017-03-31,"1,22","4,20"
NOP-SAC,2017-03-31,"1,10","6,50"
OKC-SAS,2017-03-31,"2,20","1,65"
TOR-IND,2017-03-31,"1,40","2,90"
UTA-WAS,2017-03-31,"1,65","2,20"
BRK-ORL,2017-04-01,"1,60","2,30"
CHI-ATL,2017-04-01,"1,45","2,70"
LAC-LAL,2017-04-01,"1,03",11
MIN-SAC,2017-04-01,"1,10","6,50"
POR-PHO,2017-04-01,"1,12","6,00"
BRK-ATL,2017-04-02,"2,20","1,65"
CLE-IND,2017-04-02,"1,22","4,20"
GSW-WAS,2017-04-02,"1,17","4,80"
LAL-MEM,2017-04-02,"3,40","1,30"
MIA-DEN,2017-04-02,"1,60","2,30"
MIL-DAL,2017-04-02,"1,35","3,10"
NOP-CHI,2017-04-02,"1,25","3,80"
NYK-BOS,2017-04-02,"3,80","1,25"
OKC-CHO,2017-04-02,"1,45","2,70"
PHO-HOU,2017-04-02,"3,70","1,27"
SAS-UTA,2017-04-02,"1,40","2,90"
TOR-PHI,2017-04-02,"1,10","6,50"
MIN-POR,2017-04-03,"1,75","2,05"
CLE-ORL,2017-04-04,"1,13","5,70"
GSW-MIN,2017-04-04,"1,05","9,00"
IND-TOR,2017-04-04,"1,65","2,20"
NOP-DEN,2017-04-04,"1,60","2,30"
NYK-CHI,2017-04-04,"2,50","1,52"
OKC-MIL,2017-04-04,"1,45","2,70"
PHI-BRK,2017-04-04,"2,00","1,80"
SAC-DAL,2017-04-04,"2,20","1,65"
SAS-MEM,2017-04-04,"1,20","4,40"
UTA-POR,2017-04-04,"1,35","3,10"
WAS-CHO,2017-04-04,"1,60","2,30"
BOS-CLE,2017-04-05,"1,50","2,55"
CHO-MIA,2017-04-05,"1,65","2,20"
DET-TOR,2017-04-05,"2,00","1,80"
HOU-DEN,2017-04-05,"1,25","3,80"
LAC-DAL,2017-04-05,"1,10","6,50"
MEM-OKC,2017-04-05,"2,00","1,75"
PHO-GSW,2017-04-05,"4,80","1,17"
SAS-LAL,2017-04-05,"1,07","8,00"
ATL-BOS,2017-04-06,"2,00","1,80"
IND-MIL,2017-04-06,"1,45","2,70"
NYK-WAS,2017-04-06,"3,10","1,35"
ORL-BRK,2017-04-06,"1,80","2,00"
PHI-CHI,2017-04-06,"2,70","1,45"
POR-MIN,2017-04-06,"1,45","2,70"
CLE-ATL,2017-04-07,"1,05","9,00"
DAL-SAS,2017-04-07,"1,47","2,60"
DEN-NOP,2017-04-07,"1,30","3,40"
HOU-DET,2017-04-07,"1,10","6,50"
LAL-SAC,2017-04-07,"1,70","2,10"
MEM-NYK,2017-04-07,"1,07","8,00"
PHO-OKC,2017-04-07,"4,60","1,18"
TOR-MIA,2017-04-07,"1,50","2,55"
UTA-MIN,2017-04-07,"1,12","6,00"
BRK-CHI,2017-04-08,"2,40","1,55"
CHO-BOS,2017-04-08,"1,85","1,95"
GSW-NOP,2017-04-08,"1,01",15
ORL-IND,2017-04-08,"2,55","1,50"
PHI-MIL,2017-04-08,"3,10","1,35"
POR-UTA,2017-04-08,"1,65","2,20"
SAS-LAC,2017-04-08,"1,85","1,95"
WAS-MIA,2017-04-08,"1,55","2,40"
ATL-CLE,2017-04-09,"2,70","1,45"
DEN-OKC,2017-04-09,"1,50","2,55"
LAL-MIN,2017-04-09,"2,70","1,45"
MEM-DET,2017-04-09,"1,40","2,90"
NYK-TOR,2017-04-09,"4,80","1,17"
PHO-DAL,2017-04-09,"1,65","2,20"
SAC-HOU,2017-04-09,"4,60","1,18"
BOS-BRK,2017-04-10,"1,13","5,70"
CHI-ORL,2017-04-10,"1,25","3,80"
DET-WAS,2017-04-10,"1,45","2,70"
GSW-UTA,2017-04-10,"1,15","5,30"
LAC-HOU,2017-04-10,"1,20","4,40"
MIA-CLE,2017-04-10,"1,15","5,30"
MIL-CHO,2017-04-10,"1,35","3,10"
PHI-IND,2017-04-10,"4,50","1,20"
POR-SAS,2017-04-10,"5,70","1,13"
ATL-CHO,2017-04-11,"1,25","3,80"
DAL-DEN,2017-04-11,"1,75","2,05"
LAL-NOP,2017-04-11,"1,70","2,10"
MIN-OKC,2017-04-11,"1,30","3,40"
SAC-PHO,2017-04-11,"1,45","2,70"
BOS-MIL,2017-04-12,"1,03",11
CHI-BRK,2017-04-12,"1,05","9,00"
CLE-TOR,2017-04-12,"2,20","1,65"
GSW-LAL,2017-04-12,"1,07","8,00"
HOU-MIN,2017-04-12,"1,27","3,70"
IND-ATL,2017-04-12,"1,03",11
LAC-SAC,2017-04-12,"1,02",12
MEM-DAL,2017-04-12,"1,25","3,80"
MIA-WAS,2017-04-12,"1,15","5,20"
NYK-PHI,2017-04-12,"1,70","2,10"
OKC-DEN,2017-04-12,"1,42","2,80"
ORL-DET,2017-04-12,"1,75","2,05"
POR-NOP,2017-04-12,"1,30","3,40"
UTA-SAS,2017-04-12,"1,50","2,55"
